{
  "num_episodes": 4,
  "num_steps_mean": 128.0,
  "num_steps_min": 92.0,
  "num_steps_max": 161.0,
  "action_dim_mean": 2.0,
  "action_dim_min": 2.0,
  "action_dim_max": 2.0,
  "l1_step_delta_mean_mean": 10.333316163003662,
  "l1_step_delta_mean_min": 8.071428571428571,
  "l1_step_delta_mean_max": 12.025641025641026,
  "l1_step_delta_std_mean": 8.242560269532605,
  "l1_step_delta_std_min": 7.448046618912907,
  "l1_step_delta_std_max": 9.106648503977906,
  "l1_step_delta_min_mean": 0.25,
  "l1_step_delta_min_min": 0.0,
  "l1_step_delta_min_max": 1.0,
  "l1_step_delta_max_mean": 47.0,
  "l1_step_delta_max_min": 32.0,
  "l1_step_delta_max_max": 61.0,
  "l1_step_delta_p50_mean": 8.75,
  "l1_step_delta_p50_min": 6.0,
  "l1_step_delta_p50_max": 11.0,
  "l1_step_delta_p90_mean": 19.775000000000002,
  "l1_step_delta_p90_min": 17.10000000000001,
  "l1_step_delta_p90_max": 21.0,
  "l2_step_delta_mean_mean": 8.219304659792309,
  "l2_step_delta_mean_min": 6.458994809218815,
  "l2_step_delta_mean_max": 9.537846743551075,
  "l2_step_delta_std_mean": 6.331987466843606,
  "l2_step_delta_std_min": 5.84774417723738,
  "l2_step_delta_std_max": 6.82777462685016,
  "l2_step_delta_min_mean": 0.25,
  "l2_step_delta_min_min": 0.0,
  "l2_step_delta_min_max": 1.0,
  "l2_step_delta_max_mean": 37.02645397186279,
  "l2_step_delta_max_min": 30.0,
  "l2_step_delta_max_max": 44.41846466064453,
  "l2_step_delta_p50_mean": 6.857451140880585,
  "l2_step_delta_p50_min": 4.7360680103302,
  "l2_step_delta_p50_max": 9.219544410705566,
  "l2_step_delta_p90_mean": 15.620285654067992,
  "l2_step_delta_p90_min": 13.003840446472168,
  "l2_step_delta_p90_max": 19.010519409179686,
  "acceleration_l2_mean_mean": 3.7065293674982374,
  "acceleration_l2_mean_min": 3.4038928249757068,
  "acceleration_l2_mean_max": 4.258892052703434,
  "acceleration_l2_std_mean": 3.7400226802940146,
  "acceleration_l2_std_min": 3.051930978603313,
  "acceleration_l2_std_max": 4.40903804326197,
  "acceleration_l2_min_mean": 0.0,
  "acceleration_l2_min_min": 0.0,
  "acceleration_l2_min_max": 0.0,
  "acceleration_l2_max_mean": 21.3597469329834,
  "acceleration_l2_max_min": 15.0,
  "acceleration_l2_max_max": 29.0,
  "acceleration_l2_p50_mean": 2.6803373098373413,
  "acceleration_l2_p50_min": 2.2360680103302,
  "acceleration_l2_p50_max": 2.8284270763397217,
  "acceleration_l2_p90_mean": 7.748148095607759,
  "acceleration_l2_p90_min": 7.099074745178223,
  "acceleration_l2_p90_max": 8.993242931365971,
  "jerk_l2_mean_mean": 5.108504018192708,
  "jerk_l2_mean_min": 4.559412734232087,
  "jerk_l2_mean_max": 5.8277025946070635,
  "jerk_l2_std_mean": 5.082391141310919,
  "jerk_l2_std_min": 3.9450916971692376,
  "jerk_l2_std_max": 5.863016476339084,
  "jerk_l2_min_mean": 0.0,
  "jerk_l2_min_min": 0.0,
  "jerk_l2_min_max": 0.0,
  "jerk_l2_max_mean": 35.401222705841064,
  "jerk_l2_max_min": 20.59126091003418,
  "jerk_l2_max_max": 43.382022857666016,
  "jerk_l2_p50_mean": 3.581138849258423,
  "jerk_l2_p50_min": 3.1622776985168457,
  "jerk_l2_p50_max": 4.0,
  "jerk_l2_p90_mean": 10.609113574028017,
  "jerk_l2_p90_min": 8.784164619445804,
  "jerk_l2_p90_max": 13.659665489196778,
  "smoothness_mean_l2_step_delta_mean": 8.219304659792309,
  "smoothness_mean_l2_step_delta_min": 6.458994809218815,
  "smoothness_mean_l2_step_delta_max": 9.537846743551075,
  "smoothness_max_l2_step_delta_mean": 37.02645397186279,
  "smoothness_max_l2_step_delta_min": 30.0,
  "smoothness_max_l2_step_delta_max": 44.41846466064453,
  "trajectory_drift_l2_mean": 181.0955104827881,
  "trajectory_drift_l2_min": 126.65702056884766,
  "trajectory_drift_l2_max": 292.2618713378906,
  "trajectory_path_l2_mean": 1029.3187103271484,
  "trajectory_path_l2_min": 796.2802124023438,
  "trajectory_path_l2_max": 1300.8072509765625,
  "trajectory_directness_ratio_mean": 0.17296637773135776,
  "trajectory_directness_ratio_min": 0.12678365679492495,
  "trajectory_directness_ratio_max": 0.22467730797047694,
  "action_magnitude_l2_mean_mean": 368.27360229314803,
  "action_magnitude_l2_mean_min": 278.53426020196144,
  "action_magnitude_l2_mean_max": 445.9258286849312,
  "action_magnitude_l2_std_mean": 73.78101406010403,
  "action_magnitude_l2_std_min": 68.36810333766444,
  "action_magnitude_l2_std_max": 85.85725881872439,
  "action_magnitude_l2_min_mean": 225.62650299072266,
  "action_magnitude_l2_min_min": 159.7904815673828,
  "action_magnitude_l2_min_max": 316.8343505859375,
  "action_magnitude_l2_max_mean": 499.1971664428711,
  "action_magnitude_l2_max_min": 401.478515625,
  "action_magnitude_l2_max_max": 549.2176513671875,
  "action_magnitude_l2_p50_mean": 375.2278175354004,
  "action_magnitude_l2_p50_min": 286.3564147949219,
  "action_magnitude_l2_p50_max": 467.6322937011719,
  "action_magnitude_l2_p90_mean": 469.25577545166016,
  "action_magnitude_l2_p90_min": 380.8792419433594,
  "action_magnitude_l2_p90_max": 524.4817626953126,
  "action_abs_mean_mean": 248.50063705444336,
  "action_abs_mean_min": 185.90780639648438,
  "action_abs_mean_max": 308.7880554199219,
  "action_abs_max_mean": 431.25,
  "action_abs_max_min": 374.0,
  "action_abs_max_max": 453.0,
  "gripper_dim_mean": 1.0,
  "gripper_dim_min": 1.0,
  "gripper_dim_max": 1.0,
  "gripper_mean_mean": 280.71795654296875,
  "gripper_mean_min": 229.4964599609375,
  "gripper_mean_max": 318.3474426269531,
  "gripper_min_mean": 117.0,
  "gripper_min_min": 56.0,
  "gripper_min_max": 183.0,
  "gripper_max_mean": 430.0,
  "gripper_max_min": 374.0,
  "gripper_max_max": 453.0,
  "gripper_open_fraction_mean": 1.0,
  "gripper_open_fraction_min": 1.0,
  "gripper_open_fraction_max": 1.0,
  "gripper_closed_fraction_mean": 0.0,
  "gripper_closed_fraction_min": 0.0,
  "gripper_closed_fraction_max": 0.0,
  "gripper_transition_count_mean": 0.0,
  "gripper_transition_count_min": 0.0,
  "gripper_transition_count_max": 0.0,
  "has_timestamps_mean": 1.0,
  "has_timestamps_min": 1.0,
  "has_timestamps_max": 1.0,
  "timestamp_gap_mean_mean": 0.10000000064044064,
  "timestamp_gap_mean_min": 0.0999999983697875,
  "timestamp_gap_mean_max": 0.10000000419197502,
  "timestamp_gap_std_mean": 2.936195365143651e-07,
  "timestamp_gap_std_min": 2.117925408705839e-07,
  "timestamp_gap_std_max": 3.4656794303742876e-07,
  "timestamp_gap_min_mean": 0.09999942779541016,
  "timestamp_gap_min_min": 0.09999942779541016,
  "timestamp_gap_min_max": 0.09999942779541016,
  "timestamp_gap_max_mean": 0.10000038146972656,
  "timestamp_gap_max_min": 0.10000038146972656,
  "timestamp_gap_max_max": 0.10000038146972656,
  "timestamp_irregularity_mean": 2.936195354783698e-06,
  "timestamp_irregularity_min": 2.1179253199229387e-06,
  "timestamp_irregularity_max": 3.4656794303742876e-06,
  "num_raw_rows_mean": 128.0,
  "num_raw_rows_min": 92.0,
  "num_raw_rows_max": 161.0,
  "num_action_rows_mean": 128.0,
  "num_action_rows_min": 92.0,
  "num_action_rows_max": 161.0,
  "num_filtered_rows_mean": 128.0,
  "num_filtered_rows_min": 92.0,
  "num_filtered_rows_max": 161.0,
  "action_dim_0_mean_mean": 216.28330612182617,
  "action_dim_0_mean_min": 142.31915283203125,
  "action_dim_0_mean_max": 330.85870361328125,
  "action_dim_0_std_mean": 74.10291576385498,
  "action_dim_0_std_min": 39.80971145629883,
  "action_dim_0_std_max": 90.00563049316406,
  "action_dim_0_min_mean": 105.5,
  "action_dim_0_min_min": 44.0,
  "action_dim_0_min_max": 200.0,
  "action_dim_0_max_mean": 357.5,
  "action_dim_0_max_min": 247.0,
  "action_dim_0_max_max": 449.0,
  "action_dim_1_mean_mean": 280.71795654296875,
  "action_dim_1_mean_min": 229.4964599609375,
  "action_dim_1_mean_max": 318.3474426269531,
  "action_dim_1_std_mean": 84.48117446899414,
  "action_dim_1_std_min": 74.52099609375,
  "action_dim_1_std_max": 96.69657135009766,
  "action_dim_1_min_mean": 117.0,
  "action_dim_1_min_min": 56.0,
  "action_dim_1_min_max": 183.0,
  "action_dim_1_max_mean": 430.0,
  "action_dim_1_max_min": 374.0,
  "action_dim_1_max_max": 453.0,
  "stage": "stage_3_action_trace_metrics",