{
  "stage": "stage_4_visual_robustness_corrected",
  "timestamp_utc": "2026-06-26T06:54:34.923766+00:00",
  "dataset": "lerobot/pusht",
  "split": "train",
  "num_images": 12,
  "num_metric_rows": 144,
  "image_source": "hf_repo_video_file",
  "policy_loaded": false,
  "policy_drift_measured": false,
  "policy_drift_reason": "No policy adapter is available yet.",
  "load_status": {
    "repo_id": "lerobot/pusht",
    "split": "train",
    "streaming_row_image_attempted": true,
    "repo_file_fallback_attempted": true,
    "max_rows_scan": 256,
    "max_images": 12,
    "ok": true,
    "image_source": "hf_repo_video_file",
    "error": null,
    "num_images": 12,
    "downloaded_visual_sources": [
      "/kaggle/working/RoboTrace/case_studies/visual_robustness/downloaded_visual_sources/videos/observation.image/chunk-000/file-000.mp4"
    ]
  },
  "mean_metrics_by_perturbation": [
    {
      "perturbation": "blur",
      "severity": 1.0,
      "num_samples": 12,
      "mse_mean": 0.0008387824539871266,
      "mse_max": 0.0008662972832098603,
      "mae_mean": 0.009223550946141282,
      "psnr_mean": 30.764641965166515,
      "brightness_shift_mean": -1.5969077746073406e-05,
      "contrast_ratio_mean": 0.9035249054431915,
      "edge_energy_ratio_mean": 0.5933117599110649
    },
    {
      "perturbation": "blur",
      "severity": 2.0,
      "num_samples": 12,
      "mse_mean": 0.0012958430452272296,
      "mse_max": 0.0013298837002366781,
      "mae_mean": 0.012162705805773536,
      "psnr_mean": 28.875149301853266,
      "brightness_shift_mean": 0.00048806269963582355,
      "contrast_ratio_mean": 0.8432611624399821,
      "edge_energy_ratio_mean": 0.49679394095740137
    },
    {
      "perturbation": "brightness",
      "severity": 0.2,
      "num_samples": 12,
      "mse_mean": 0.0005186690832488239,
      "mse_max": 0.00053359882440418,
      "mae_mean": 0.008474226497734586,
      "psnr_mean": 32.85215564346775,
      "brightness_shift_mean": 0.008474191029866537,
      "contrast_ratio_mean": 0.8051406145095825,
      "edge_energy_ratio_mean": 0.6188533425853077
    },
    {
      "perturbation": "brightness",
      "severity": 0.5,
      "num_samples": 12,
      "mse_mean": 0.0018613026671422024,
      "mse_max": 0.0018850693013519049,
      "mae_mean": 0.014205709643041095,
      "psnr_mean": 27.3019841610184,
      "brightness_shift_mean": 0.014205669363339743,
      "contrast_ratio_mean": 0.5582614789406458,
      "edge_energy_ratio_mean": 0.41363249117339446
    },
    {
      "perturbation": "center_crop",
      "severity": 0.75,
      "num_samples": 12,
      "mse_mean": 0.010535480765004953,
      "mse_max": 0.010663392022252083,
      "mae_mean": 0.03240841037283341,
      "psnr_mean": 19.773655431621204,
      "brightness_shift_mean": -0.010821625590324402,
      "contrast_ratio_mean": 1.2986005743344624,
      "edge_energy_ratio_mean": 0.8679867600861567
    },
    {
      "perturbation": "contrast",
      "severity": 0.2,
      "num_samples": 12,
      "mse_mean": 0.00028114345817205805,
      "mse_max": 0.0002829652512446046,
      "mae_mean": 0.004279464522066216,
      "psnr_mean": 35.510750605201814,
      "brightness_shift_mean": -0.003906349341074626,
      "contrast_ratio_mean": 1.1862609684467316,
      "edge_energy_ratio_mean": 1.1748738687379727
    },
    {
      "perturbation": "contrast",
      "severity": 0.5,
      "num_samples": 12,
      "mse_mean": 0.001732499193167314,
      "mse_max": 0.0017474539345130324,
      "mae_mean": 0.010540705484648546,
      "psnr_mean": 27.613345640801512,
      "brightness_shift_mean": -0.009930476546287537,
      "contrast_ratio_mean": 1.462829718987147,
      "edge_energy_ratio_mean": 1.4349371196686036
    },
    {
      "perturbation": "jpeg",
      "severity": 0.5,
      "num_samples": 12,
      "mse_mean": 8.19163669802947e-05,
      "mse_max": 9.197350300382823e-05,
      "mae_mean": 0.0033045444482316575,
      "psnr_mean": 40.881105709679915,
      "brightness_shift_mean": 0.0022053917249043784,
      "contrast_ratio_mean": 0.9787880082925161,
      "edge_energy_ratio_mean": 1.031704899656395
    },
    {
      "perturbation": "jpeg",
      "severity": 0.75,
      "num_samples": 12,
      "mse_mean": 0.00024829833758606884,
      "mse_max": 0.0002795048349071294,
      "mae_mean": 0.00571007727800558,
      "psnr_mean": 36.061373145097704,
      "brightness_shift_mean": -0.0004742741584777832,
      "contrast_ratio_mean": 1.0428782800833385,
      "edge_energy_ratio_mean": 1.3019077304645799
    },
    {
      "perturbation": "random_occlusion",
      "severity": 0.15,
      "num_samples": 12,
      "mse_mean": 0.0012796252461460729,
      "mse_max": 0.0012928876094520092,
      "mae_mean": 0.0035809181863442063,
      "psnr_mean": 28.929345509824362,
      "brightness_shift_mean": 0.003168240189552307,
      "contrast_ratio_mean": 0.9220184832811356,
      "edge_energy_ratio_mean": 0.9770197052140338
    },
    {
      "perturbation": "random_occlusion",
      "severity": 0.3,
      "num_samples": 12,
      "mse_mean": 0.003324554612239202,
      "mse_max": 0.003339785849675536,
      "mae_mean": 0.010006538049007455,
      "psnr_mean": 24.782690381994637,
      "brightness_shift_mean": 0.0075788746277491255,
      "contrast_ratio_mean": 0.7575848897298177,
      "edge_energy_ratio_mean": 0.774562555335396
    },
    {
      "perturbation": "resolution_drop",
      "severity": 0.5,
      "num_samples": 12,
      "mse_mean": 0.0014559045569815983,
      "mse_max": 0.001531156711280346,
      "mae_mean": 0.006627043786769112,
      "psnr_mean": 28.37080957523182,
      "brightness_shift_mean": 0.0025961349407831826,
      "contrast_ratio_mean": 0.9830639014641444,
      "edge_energy_ratio_mean": 0.6089308950763982
    }
  ],
  "warnings": [],
  "errors": []
}